{
  "OCCUPATION_TYPE_INCOME_MEAN": {
    "Accountants": 194578.35784163864,
    "Cleaning staff": 130790.89555125726,
    "Cooking staff": 138396.50817608475,
    "Core staff": 172656.69525408052,
    "Drivers": 187011.60641267538,
    "HR staff": 188916.28241563056,
    "High skill tech staff": 182842.04568321616,
    "IT staff": 213465.60171102663,
    "Laborers": 166357.48252518754,
    "Low-skill Laborers": 133228.00191113233,
    "Managers": 260336.68171657855,
    "Medicine staff": 149709.64343446176,
    "Private service staff": 182334.81278280544,
    "Realty agents": 195003.99467376832,
    "Sales staff": 152302.8747102984,
    "Secretaries": 160541.66206896552,
    "Security staff": 149662.6959529832,
    "Waiters/barmen staff": 144272.58382789316
  },
  "ORGANIZATION_TYPE_INCOME_MEAN": {
    "Advertising": 203919.23076923078,
    "Agriculture": 143024.49205378973,
    "Bank": 199308.17171918627,
    "Business Entity Type 1": 186195.13586229947,
    "Business Entity Type 2": 170854.99766369752,
    "Business Entity Type 3": 190057.6598118161,
    "Cleaning": 154220.1923076923,
    "Construction": 200227.86155334028,
    "Culture": 174009.3007915567,
    "Electricity": 172648.7810526316,
    "Emergency": 184712.93839285715,
    "Government": 160790.73993512112,
    "Hotel": 158304.4844720497,
    "Housing": 159420.24949290062,
    "Industry: type 1": 173310.1198267565,
    "Industry: type 10": 198454.12844036697,
    "Industry: type 11": 162680.525147929,
    "Industry: type 12": 187659.56097560975,
    "Industry: type 13": 147915.67164179104,
    "Industry: type 2": 171449.25327510916,
    "Industry: type 3": 148759.13671446004,
    "Industry: type 4": 178382.21664766248,
    "Industry: type 5": 174979.22454090152,
    "Industry: type 6": 171212.94642857142,
    "Industry: type 7": 164829.6220351951,
    "Industry: type 8": 172537.5,
    "Industry: type 9": 200557.4015736342,
    "Insurance": 201483.93467336684,
    "Kindergarten": 137594.21075581395,
    "Legal Services": 249875.40983606558,
    "Medicine": 157507.972662825,
    "Military": 224256.46201025054,
    "Mobile": 171468.52523659306,
    "Other": 173527.2227117425,
    "Police": 208047.5698974797,
    "Postal": 132651.58226703753,
    "Realtor": 222954.54545454544,
    "Religion": 174705.88235294117,
    "Restaurant": 158203.89839867476,
    "School": 155171.14889800968,
    "Security": 166784.13372805668,
    "Security Ministries": 203772.59270516716,
    "Self-employed": 167442.3937910028,
    "Services": 186420.06285714285,
    "Telecom": 176405.45927209704,
    "Trade: type 1": 165380.36068965518,
    "Trade: type 2": 190712.7445263158,
    "Trade: type 3": 160481.65193298968,
    "Trade: type 4": 191141.015625,
    "Trade: type 5": 181694.38775510204,
    "Trade: type 6": 179940.26624405704,
    "Trade: type 7": 167565.15706806284,
    "Transport: type 1": 189268.6567164179,
    "Transport: type 2": 175439.75069646098,
    "Transport: type 3": 175571.65122156698,
    "Transport: type 4": 190658.8560577992,
    "University": 187161.13112283347,
    "XNA": 136395.6169471232
  },
  "NAME_EDUCATION_TYPE_INCOME_MEAN": {
    "Academic degree": 240009.1463414634,
    "Higher education": 208652.05381443436,
    "Incomplete higher": 181563.8123966138,
    "Lower secondary": 130079.35849056604,
    "Secondary / secondary special": 155158.5121375194
  },
  "NAME_CONTRACT_TYPE_CREDIT_MEAN": {
    "Cash loans": 627965.7325379539,
    "Revolving loans": 324017.9821715223
  }
}