sk_id_curr,prediction,probability,risk_level
123343,0,0.026955318953610512,LOW
125031,0,0.3593918460303764,MEDIUM
208662,0,0.05077914471680756,LOW
274541,0,0.42423824186316145,MEDIUM
337338,1,0.9184344473213342,HIGH
383433,1,0.9200680328406055,HIGH
394113,1,0.9292311572432652,HIGH
427622,0,0.03185819203309663,LOW
430300,0,0.04326793522669602,LOW
451383,0,0.3029551375419995,MEDIUM
